id;image;image_content_type;image_uri_link
1;../fake-data/blob/hipster.png;image/png;New Hampshire Devolved panel
2;../fake-data/blob/hipster.png;image/png;reinvent encompassing Louisiana
3;../fake-data/blob/hipster.png;image/png;payment leverage SQL
4;../fake-data/blob/hipster.png;image/png;Bedfordshire Stravenue
5;../fake-data/blob/hipster.png;image/png;connecting Democratic People's Republic of Korea Turnpike
6;../fake-data/blob/hipster.png;image/png;copy
7;../fake-data/blob/hipster.png;image/png;global
8;../fake-data/blob/hipster.png;image/png;grid-enabled time-frame silver
9;../fake-data/blob/hipster.png;image/png;Costa Rica microchip
10;../fake-data/blob/hipster.png;image/png;Synchronised Mandatory
